<?xml version="1.0" encoding="UTF-8" standalone="yes"?>
<addon id="plugin.video.arteplussept" name="Arte +7" version="97.5.8" provider-name="bmf">
    <requires>
        <import addon="xbmc.python" version="2.14.0"/>
        <import addon="script.module.xbmcswift2" version="2.4.0"/>
        <import addon="script.module.requests" version="2.9.1"/>
    </requires>
    <extension point="xbmc.python.pluginsource" library="addon.py">
        <provides>video</provides>
    </extension>
    <extension point="xbmc.addon.metadata">
        <platform>all</platform>
        <summary>Arte +7</summary>
        <language>fr de en</language>
        <description lang="fr">
Regardez les vidéos de Arte +7
Pour toute demande ou reporter un problème:
https://github.com/known-as-bmf/plugin.video.arteplussept/issues
Les contributions sont les bienvenues:
https://github.com/known-as-bmf/plugin.video.arteplussept
        </description>
        <description lang="de">
Sehen Sie Videos von Arte +7
Für Fehlerberichte und Verbesserungsvorschläge:
https://github.com/known-as-bmf/plugin.video.arteplussept/issues
Mithilfe ist willkommen:
https://github.com/known-as-bmf/plugin.video.arteplussept
        </description>
        <description lang="en">
Watch videos from Arte +7
For feature requests / issues:
https://github.com/known-as-bmf/plugin.video.arteplussept/issues
Contributions are welcome:
https://github.com/known-as-bmf/plugin.video.arteplussept
        </description>
        <license>GPL v2+</license>
        <source>https://github.com/known-as-bmf/plugin.video.arteplussept.git</source>
        <!--<forum></forum>
        <email></email>-->
        <website>http://www.arte.tv</website>
    </extension>
</addon>
