<?xml version="1.0" encoding="UTF-8"?>
<addon
    id="skin.eminence.2"
    version="672.5.46"
    name="Eminence 2.0"
    provider-name="jurialmunkey">
    <requires>
        <import addon="xbmc.gui" version="5.13.0"/>
        <import addon="script.skinshortcuts" version="1.0.0"/>
        <import addon="script.skin.helper.service" version="1.0.0"/>
        <import addon="script.extendedinfo" version="5.0.0"/>
        <import addon="script.image.resource.select" version="0.0.5"/>
        <import addon="plugin.program.autocompletion" version="1.0.1"/>
        <import addon="resource.images.weathericons.white" version="0.0.6"/>
    </requires>
    <extension point="xbmc.gui.skin" effectslowdown="1.00" debugging="false">
        <res width="1920" height="1080" aspect="16:9" default="true" folder="16x9" />
    </extension>
    <extension point="xbmc.addon.metadata">
        <platform>all</platform>
        <summary lang="en">Clean, clear, simple, modern.</summary>
        <disclaimer lang="en">Mouse and Touch device not supported</disclaimer>
        <description lang="en">Eminence is a skin that aims to be clean, clear, simple and modern.</description>
        <license>CC-NC-SA 3.0</license>
        <website></website>
        <email></email>
        <assets>
            <icon>icon.png</icon>
            <fanart>fanart.jpg</fanart>
            <screenshot>extras/viewthumbs/50.jpg</screenshot>
            <screenshot>extras/viewthumbs/51.jpg</screenshot>
            <screenshot>extras/viewthumbs/52.jpg</screenshot>
            <screenshot>extras/viewthumbs/53.jpg</screenshot>
            <screenshot>extras/viewthumbs/54.jpg</screenshot>
            <screenshot>extras/viewthumbs/55.jpg</screenshot>
            <screenshot>extras/viewthumbs/56.jpg</screenshot>
            <screenshot>extras/viewthumbs/57.jpg</screenshot>
            <screenshot>extras/viewthumbs/58.jpg</screenshot>
            <screenshot>extras/viewthumbs/59.jpg</screenshot>
        </assets>
    </extension>
</addon>
